file_name,image_size,thing_class,score,keypoints,bbox,polygon,inference_info
C:/R_projects/spat_1f_noise/processed_feed\rep158\processed_rep158__cam30_s0_rank1.jpg,"[1000, 1000]",cat,0.9971127510070801,"[720.095947265625, 767.126953125, 0.05587533488869667, 744.7363891601562, 727.5086059570312, 0.08971302956342697, 748.4324951171875, 670.5573120117188, 0.16119883954524994]","[712.087890625, 658.795654296875, 763.8327026367188, 772.6982421875]","[745, 659, 744, 660, 743, 661, 742, 662, 742, 663, 741, 664, 741, 665, 741, 666, 741, 667, 741, 668, 742, 669, 742, 670, 742, 671, 742, 672, 742, 673, 743, 674, 743, 675, 744, 676, 744, 677, 744, 678, 745, 679, 745, 680, 745, 681, 745, 682, 745, 683, 745, 684, 745, 685, 745, 686, 745, 687, 745, 688, 745, 689, 745, 690, 745, 691, 745, 692, 745, 693, 745, 694, 745, 695, 745, 696, 745, 697, 745, 698, 745, 699, 745, 700, 745, 701, 745, 702, 744, 703, 744, 704, 744, 705, 744, 706, 743, 707, 743, 708, 743, 709, 743, 710, 742, 711, 742, 712, 742, 713, 741, 714, 741, 715, 740, 716, 740, 717, 740, 718, 739, 719, 739, 720, 738, 721, 738, 722, 737, 723, 737, 724, 736, 725, 736, 726, 735, 727, 735, 728, 734, 729, 734, 730, 733, 731, 733, 732, 732, 733, 732, 734, 731, 735, 731, 736, 730, 737, 729, 738, 729, 739, 728, 740, 727, 741, 727, 742, 726, 743, 726, 744, 725, 745, 725, 746, 724, 747, 723, 748, 722, 748, 722, 749, 721, 750, 721, 751, 720, 752, 719, 752, 718, 753, 718, 754, 717, 755, 716, 756, 715, 757, 715, 758, 714, 759, 714, 760, 714, 761, 713, 762, 713, 763, 713, 764, 712, 765, 712, 766, 712, 767, 712, 768, 712, 769, 713, 770, 713, 771, 714, 771, 715, 771, 716, 771, 717, 771, 718, 771, 719, 771, 720, 770, 721, 769, 722, 768, 723, 767, 724, 766, 725, 765, 726, 764, 727, 763, 728, 763, 728, 762, 729, 761, 730, 760, 731, 759, 732, 758, 732, 757, 733, 756, 734, 756, 735, 755, 735, 754, 736, 753, 737, 752, 738, 751, 739, 750, 739, 749, 740, 748, 740, 747, 741, 746, 741, 745, 742, 744, 743, 743, 744, 742, 744, 741, 745, 740, 745, 739, 746, 738, 746, 737, 747, 736, 748, 735, 748, 734, 749, 733, 749, 732, 750, 731, 750, 730, 750, 729, 751, 728, 752, 727, 752, 726, 753, 725, 753, 724, 754, 723, 754, 722, 754, 721, 755, 720, 755, 719, 756, 718, 756, 717, 757, 716, 757, 715, 757, 714, 757, 713, 758, 712, 758, 711, 758, 710, 759, 709, 759, 708, 759, 707, 759, 706, 760, 705, 760, 704, 760, 703, 760, 702, 761, 701, 761, 700, 761, 699, 761, 698, 761, 697, 761, 696, 761, 695, 761, 694, 761, 693, 761, 692, 761, 691, 761, 690, 761, 689, 761, 688, 761, 687, 761, 686, 761, 685, 761, 684, 761, 683, 761, 682, 761, 681, 761, 680, 761, 679, 760, 678, 760, 677, 760, 676, 759, 675, 759, 674, 759, 673, 759, 672, 758, 671, 758, 670, 757, 669, 757, 668, 756, 667, 756, 666, 755, 665, 754, 664, 754, 663, 753, 663, 752, 662, 751, 662, 750, 661, 750, 660, 749, 660, 748, 659, 747, 659, 746, 659]",modelv7.1__2024-05-03 21:14:01
C:/R_projects/spat_1f_noise/processed_feed\rep158\processed_rep158__cam30_s10093_rank29.jpg,"[1000, 1000]",NA,NA,NA,NA,NA,modelv7.1__2024-05-03 21:14:01
C:/R_projects/spat_1f_noise/processed_feed\rep158\processed_rep158__cam30_s10453_rank30.jpg,"[1000, 1000]",NA,NA,NA,NA,NA,modelv7.1__2024-05-03 21:14:01
C:/R_projects/spat_1f_noise/processed_feed\rep158\processed_rep158__cam30_s10814_rank31.jpg,"[1000, 1000]",NA,NA,NA,NA,NA,modelv7.1__2024-05-03 21:14:01
C:/R_projects/spat_1f_noise/processed_feed\rep158\processed_rep158__cam30_s1082_rank4.jpg,"[1000, 1000]",NA,NA,NA,NA,NA,modelv7.1__2024-05-03 21:14:01
C:/R_projects/spat_1f_noise/processed_feed\rep158\processed_rep158__cam30_s11174_rank32.jpg,"[1000, 1000]",NA,NA,NA,NA,NA,modelv7.1__2024-05-03 21:14:01
C:/R_projects/spat_1f_noise/processed_feed\rep158\processed_rep158__cam30_s11534_rank33.jpg,"[1000, 1000]",NA,NA,NA,NA,NA,modelv7.1__2024-05-03 21:14:01
C:/R_projects/spat_1f_noise/processed_feed\rep158\processed_rep158__cam30_s11895_rank34.jpg,"[1000, 1000]",NA,NA,NA,NA,NA,modelv7.1__2024-05-03 21:14:01
C:/R_projects/spat_1f_noise/processed_feed\rep158\processed_rep158__cam30_s12255_rank35.jpg,"[1000, 1000]",NA,NA,NA,NA,NA,modelv7.1__2024-05-03 21:14:01
C:/R_projects/spat_1f_noise/processed_feed\rep158\processed_rep158__cam30_s12616_rank36.jpg,"[1000, 1000]",NA,NA,NA,NA,NA,modelv7.1__2024-05-03 21:14:01
C:/R_projects/spat_1f_noise/processed_feed\rep158\processed_rep158__cam30_s12976_rank37.jpg,"[1000, 1000]",NA,NA,NA,NA,NA,modelv7.1__2024-05-03 21:14:01
C:/R_projects/spat_1f_noise/processed_feed\rep158\processed_rep158__cam30_s13337_rank38.jpg,"[1000, 1000]",NA,NA,NA,NA,NA,modelv7.1__2024-05-03 21:14:01
C:/R_projects/spat_1f_noise/processed_feed\rep158\processed_rep158__cam30_s13697_rank39.jpg,"[1000, 1000]",NA,NA,NA,NA,NA,modelv7.1__2024-05-03 21:14:01
C:/R_projects/spat_1f_noise/processed_feed\rep158\processed_rep158__cam30_s14058_rank40.jpg,"[1000, 1000]",NA,NA,NA,NA,NA,modelv7.1__2024-05-03 21:14:01
C:/R_projects/spat_1f_noise/processed_feed\rep158\processed_rep158__cam30_s14418_rank41.jpg,"[1000, 1000]",NA,NA,NA,NA,NA,modelv7.1__2024-05-03 21:14:01
C:/R_projects/spat_1f_noise/processed_feed\rep158\processed_rep158__cam30_s1442_rank5.jpg,"[1000, 1000]",NA,NA,NA,NA,NA,modelv7.1__2024-05-03 21:14:01
C:/R_projects/spat_1f_noise/processed_feed\rep158\processed_rep158__cam30_s14778_rank42.jpg,"[1000, 1000]",NA,NA,NA,NA,NA,modelv7.1__2024-05-03 21:14:01
C:/R_projects/spat_1f_noise/processed_feed\rep158\processed_rep158__cam30_s15139_rank43.jpg,"[1000, 1000]",NA,NA,NA,NA,NA,modelv7.1__2024-05-03 21:14:01
C:/R_projects/spat_1f_noise/processed_feed\rep158\processed_rep158__cam30_s15499_rank44.jpg,"[1000, 1000]",NA,NA,NA,NA,NA,modelv7.1__2024-05-03 21:14:01
C:/R_projects/spat_1f_noise/processed_feed\rep158\processed_rep158__cam30_s15860_rank45.jpg,"[1000, 1000]",NA,NA,NA,NA,NA,modelv7.1__2024-05-03 21:14:01
C:/R_projects/spat_1f_noise/processed_feed\rep158\processed_rep158__cam30_s16220_rank46.jpg,"[1000, 1000]",NA,NA,NA,NA,NA,modelv7.1__2024-05-03 21:14:01
C:/R_projects/spat_1f_noise/processed_feed\rep158\processed_rep158__cam30_s16581_rank47.jpg,"[1000, 1000]",NA,NA,NA,NA,NA,modelv7.1__2024-05-03 21:14:01
C:/R_projects/spat_1f_noise/processed_feed\rep158\processed_rep158__cam30_s16941_rank48.jpg,"[1000, 1000]",NA,NA,NA,NA,NA,modelv7.1__2024-05-03 21:14:01
C:/R_projects/spat_1f_noise/processed_feed\rep158\processed_rep158__cam30_s17301_rank49.jpg,"[1000, 1000]",NA,NA,NA,NA,NA,modelv7.1__2024-05-03 21:14:01
C:/R_projects/spat_1f_noise/processed_feed\rep158\processed_rep158__cam30_s17662_rank50.jpg,"[1000, 1000]",NA,NA,NA,NA,NA,modelv7.1__2024-05-03 21:14:01
C:/R_projects/spat_1f_noise/processed_feed\rep158\processed_rep158__cam30_s18022_rank51.jpg,"[1000, 1000]",NA,NA,NA,NA,NA,modelv7.1__2024-05-03 21:14:01
C:/R_projects/spat_1f_noise/processed_feed\rep158\processed_rep158__cam30_s1803_rank6.jpg,"[1000, 1000]",NA,NA,NA,NA,NA,modelv7.1__2024-05-03 21:14:01
C:/R_projects/spat_1f_noise/processed_feed\rep158\processed_rep158__cam30_s18383_rank52.jpg,"[1000, 1000]",NA,NA,NA,NA,NA,modelv7.1__2024-05-03 21:14:01
C:/R_projects/spat_1f_noise/processed_feed\rep158\processed_rep158__cam30_s18743_rank53.jpg,"[1000, 1000]",NA,NA,NA,NA,NA,modelv7.1__2024-05-03 21:14:01
C:/R_projects/spat_1f_noise/processed_feed\rep158\processed_rep158__cam30_s19104_rank54.jpg,"[1000, 1000]",NA,NA,NA,NA,NA,modelv7.1__2024-05-03 21:14:01
C:/R_projects/spat_1f_noise/processed_feed\rep158\processed_rep158__cam30_s19464_rank55.jpg,"[1000, 1000]",NA,NA,NA,NA,NA,modelv7.1__2024-05-03 21:14:01
C:/R_projects/spat_1f_noise/processed_feed\rep158\processed_rep158__cam30_s19824_rank56.jpg,"[1000, 1000]",NA,NA,NA,NA,NA,modelv7.1__2024-05-03 21:14:01
C:/R_projects/spat_1f_noise/processed_feed\rep158\processed_rep158__cam30_s20185_rank57.jpg,"[1000, 1000]",NA,NA,NA,NA,NA,modelv7.1__2024-05-03 21:14:01
C:/R_projects/spat_1f_noise/processed_feed\rep158\processed_rep158__cam30_s20545_rank58.jpg,"[1000, 1000]",NA,NA,NA,NA,NA,modelv7.1__2024-05-03 21:14:01
C:/R_projects/spat_1f_noise/processed_feed\rep158\processed_rep158__cam30_s20906_rank59.jpg,"[1000, 1000]",NA,NA,NA,NA,NA,modelv7.1__2024-05-03 21:14:01
C:/R_projects/spat_1f_noise/processed_feed\rep158\processed_rep158__cam30_s21266_rank60.jpg,"[1000, 1000]",NA,NA,NA,NA,NA,modelv7.1__2024-05-03 21:14:01
C:/R_projects/spat_1f_noise/processed_feed\rep158\processed_rep158__cam30_s21627_rank61.jpg,"[1000, 1000]",NA,NA,NA,NA,NA,modelv7.1__2024-05-03 21:14:01
C:/R_projects/spat_1f_noise/processed_feed\rep158\processed_rep158__cam30_s2163_rank7.jpg,"[1000, 1000]",NA,NA,NA,NA,NA,modelv7.1__2024-05-03 21:14:01
C:/R_projects/spat_1f_noise/processed_feed\rep158\processed_rep158__cam30_s21987_rank62.jpg,"[1000, 1000]",NA,NA,NA,NA,NA,modelv7.1__2024-05-03 21:14:01
C:/R_projects/spat_1f_noise/processed_feed\rep158\processed_rep158__cam30_s22348_rank63.jpg,"[1000, 1000]",NA,NA,NA,NA,NA,modelv7.1__2024-05-03 21:14:01
C:/R_projects/spat_1f_noise/processed_feed\rep158\processed_rep158__cam30_s22708_rank64.jpg,"[1000, 1000]",NA,NA,NA,NA,NA,modelv7.1__2024-05-03 21:14:01
C:/R_projects/spat_1f_noise/processed_feed\rep158\processed_rep158__cam30_s23068_rank65.jpg,"[1000, 1000]",NA,NA,NA,NA,NA,modelv7.1__2024-05-03 21:14:01
C:/R_projects/spat_1f_noise/processed_feed\rep158\processed_rep158__cam30_s23429_rank66.jpg,"[1000, 1000]",NA,NA,NA,NA,NA,modelv7.1__2024-05-03 21:14:01
C:/R_projects/spat_1f_noise/processed_feed\rep158\processed_rep158__cam30_s23789_rank67.jpg,"[1000, 1000]",NA,NA,NA,NA,NA,modelv7.1__2024-05-03 21:14:01
C:/R_projects/spat_1f_noise/processed_feed\rep158\processed_rep158__cam30_s24150_rank68.jpg,"[1000, 1000]",NA,NA,NA,NA,NA,modelv7.1__2024-05-03 21:14:01
C:/R_projects/spat_1f_noise/processed_feed\rep158\processed_rep158__cam30_s24510_rank69.jpg,"[1000, 1000]",NA,NA,NA,NA,NA,modelv7.1__2024-05-03 21:14:01
C:/R_projects/spat_1f_noise/processed_feed\rep158\processed_rep158__cam30_s24871_rank70.jpg,"[1000, 1000]",NA,NA,NA,NA,NA,modelv7.1__2024-05-03 21:14:01
C:/R_projects/spat_1f_noise/processed_feed\rep158\processed_rep158__cam30_s25231_rank71.jpg,"[1000, 1000]",NA,NA,NA,NA,NA,modelv7.1__2024-05-03 21:14:01
C:/R_projects/spat_1f_noise/processed_feed\rep158\processed_rep158__cam30_s2524_rank8.jpg,"[1000, 1000]",NA,NA,NA,NA,NA,modelv7.1__2024-05-03 21:14:01
C:/R_projects/spat_1f_noise/processed_feed\rep158\processed_rep158__cam30_s25592_rank72.jpg,"[1000, 1000]",NA,NA,NA,NA,NA,modelv7.1__2024-05-03 21:14:01
C:/R_projects/spat_1f_noise/processed_feed\rep158\processed_rep158__cam30_s25952_rank73.jpg,"[1000, 1000]",NA,NA,NA,NA,NA,modelv7.1__2024-05-03 21:14:01
C:/R_projects/spat_1f_noise/processed_feed\rep158\processed_rep158__cam30_s26312_rank74.jpg,"[1000, 1000]",NA,NA,NA,NA,NA,modelv7.1__2024-05-03 21:14:01
C:/R_projects/spat_1f_noise/processed_feed\rep158\processed_rep158__cam30_s26673_rank75.jpg,"[1000, 1000]",NA,NA,NA,NA,NA,modelv7.1__2024-05-03 21:14:01
C:/R_projects/spat_1f_noise/processed_feed\rep158\processed_rep158__cam30_s27033_rank76.jpg,"[1000, 1000]",NA,NA,NA,NA,NA,modelv7.1__2024-05-03 21:14:01
C:/R_projects/spat_1f_noise/processed_feed\rep158\processed_rep158__cam30_s27394_rank77.jpg,"[1000, 1000]",NA,NA,NA,NA,NA,modelv7.1__2024-05-03 21:14:01
C:/R_projects/spat_1f_noise/processed_feed\rep158\processed_rep158__cam30_s27754_rank78.jpg,"[1000, 1000]",NA,NA,NA,NA,NA,modelv7.1__2024-05-03 21:14:01
C:/R_projects/spat_1f_noise/processed_feed\rep158\processed_rep158__cam30_s28115_rank79.jpg,"[1000, 1000]",NA,NA,NA,NA,NA,modelv7.1__2024-05-03 21:14:01
C:/R_projects/spat_1f_noise/processed_feed\rep158\processed_rep158__cam30_s28475_rank80.jpg,"[1000, 1000]",NA,NA,NA,NA,NA,modelv7.1__2024-05-03 21:14:01
C:/R_projects/spat_1f_noise/processed_feed\rep158\processed_rep158__cam30_s28835_rank81.jpg,"[1000, 1000]",NA,NA,NA,NA,NA,modelv7.1__2024-05-03 21:14:01
C:/R_projects/spat_1f_noise/processed_feed\rep158\processed_rep158__cam30_s2884_rank9.jpg,"[1000, 1000]",NA,NA,NA,NA,NA,modelv7.1__2024-05-03 21:14:01
C:/R_projects/spat_1f_noise/processed_feed\rep158\processed_rep158__cam30_s29196_rank82.jpg,"[1000, 1000]",NA,NA,NA,NA,NA,modelv7.1__2024-05-03 21:14:01
C:/R_projects/spat_1f_noise/processed_feed\rep158\processed_rep158__cam30_s29556_rank83.jpg,"[1000, 1000]",NA,NA,NA,NA,NA,modelv7.1__2024-05-03 21:14:01
C:/R_projects/spat_1f_noise/processed_feed\rep158\processed_rep158__cam30_s29917_rank84.jpg,"[1000, 1000]",NA,NA,NA,NA,NA,modelv7.1__2024-05-03 21:14:01
C:/R_projects/spat_1f_noise/processed_feed\rep158\processed_rep158__cam30_s30277_rank85.jpg,"[1000, 1000]",NA,NA,NA,NA,NA,modelv7.1__2024-05-03 21:14:01
C:/R_projects/spat_1f_noise/processed_feed\rep158\processed_rep158__cam30_s30638_rank86.jpg,"[1000, 1000]",NA,NA,NA,NA,NA,modelv7.1__2024-05-03 21:14:01
C:/R_projects/spat_1f_noise/processed_feed\rep158\processed_rep158__cam30_s30998_rank87.jpg,"[1000, 1000]",NA,NA,NA,NA,NA,modelv7.1__2024-05-03 21:14:01
C:/R_projects/spat_1f_noise/processed_feed\rep158\processed_rep158__cam30_s31359_rank88.jpg,"[1000, 1000]",NA,NA,NA,NA,NA,modelv7.1__2024-05-03 21:14:01
C:/R_projects/spat_1f_noise/processed_feed\rep158\processed_rep158__cam30_s31719_rank89.jpg,"[1000, 1000]",NA,NA,NA,NA,NA,modelv7.1__2024-05-03 21:14:01
C:/R_projects/spat_1f_noise/processed_feed\rep158\processed_rep158__cam30_s32080_rank90.jpg,"[1000, 1000]",NA,NA,NA,NA,NA,modelv7.1__2024-05-03 21:14:01
C:/R_projects/spat_1f_noise/processed_feed\rep158\processed_rep158__cam30_s32440_rank91.jpg,"[1000, 1000]",NA,NA,NA,NA,NA,modelv7.1__2024-05-03 21:14:01
C:/R_projects/spat_1f_noise/processed_feed\rep158\processed_rep158__cam30_s3244_rank10.jpg,"[1000, 1000]",NA,NA,NA,NA,NA,modelv7.1__2024-05-03 21:14:01
C:/R_projects/spat_1f_noise/processed_feed\rep158\processed_rep158__cam30_s32801_rank92.jpg,"[1000, 1000]",NA,NA,NA,NA,NA,modelv7.1__2024-05-03 21:14:01
C:/R_projects/spat_1f_noise/processed_feed\rep158\processed_rep158__cam30_s33161_rank93.jpg,"[1000, 1000]",NA,NA,NA,NA,NA,modelv7.1__2024-05-03 21:14:01
C:/R_projects/spat_1f_noise/processed_feed\rep158\processed_rep158__cam30_s33521_rank94.jpg,"[1000, 1000]",NA,NA,NA,NA,NA,modelv7.1__2024-05-03 21:14:01
C:/R_projects/spat_1f_noise/processed_feed\rep158\processed_rep158__cam30_s33882_rank95.jpg,"[1000, 1000]",NA,NA,NA,NA,NA,modelv7.1__2024-05-03 21:14:01
C:/R_projects/spat_1f_noise/processed_feed\rep158\processed_rep158__cam30_s34242_rank96.jpg,"[1000, 1000]",NA,NA,NA,NA,NA,modelv7.1__2024-05-03 21:14:01
C:/R_projects/spat_1f_noise/processed_feed\rep158\processed_rep158__cam30_s34603_rank97.jpg,"[1000, 1000]",NA,NA,NA,NA,NA,modelv7.1__2024-05-03 21:14:01
C:/R_projects/spat_1f_noise/processed_feed\rep158\processed_rep158__cam30_s34963_rank98.jpg,"[1000, 1000]",NA,NA,NA,NA,NA,modelv7.1__2024-05-03 21:14:01
C:/R_projects/spat_1f_noise/processed_feed\rep158\processed_rep158__cam30_s35324_rank99.jpg,"[1000, 1000]",NA,NA,NA,NA,NA,modelv7.1__2024-05-03 21:14:01
C:/R_projects/spat_1f_noise/processed_feed\rep158\processed_rep158__cam30_s35684_rank100.jpg,"[1000, 1000]",NA,NA,NA,NA,NA,modelv7.1__2024-05-03 21:14:01
C:/R_projects/spat_1f_noise/processed_feed\rep158\processed_rep158__cam30_s36044_rank101.jpg,"[1000, 1000]",NA,NA,NA,NA,NA,modelv7.1__2024-05-03 21:14:01
C:/R_projects/spat_1f_noise/processed_feed\rep158\processed_rep158__cam30_s3605_rank11.jpg,"[1000, 1000]",NA,NA,NA,NA,NA,modelv7.1__2024-05-03 21:14:01
C:/R_projects/spat_1f_noise/processed_feed\rep158\processed_rep158__cam30_s361_rank2.jpg,"[1000, 1000]",NA,NA,NA,NA,NA,modelv7.1__2024-05-03 21:14:01
C:/R_projects/spat_1f_noise/processed_feed\rep158\processed_rep158__cam30_s36405_rank102.jpg,"[1000, 1000]",NA,NA,NA,NA,NA,modelv7.1__2024-05-03 21:14:01
C:/R_projects/spat_1f_noise/processed_feed\rep158\processed_rep158__cam30_s36765_rank103.jpg,"[1000, 1000]",NA,NA,NA,NA,NA,modelv7.1__2024-05-03 21:14:01
C:/R_projects/spat_1f_noise/processed_feed\rep158\processed_rep158__cam30_s37126_rank104.jpg,"[1000, 1000]",NA,NA,NA,NA,NA,modelv7.1__2024-05-03 21:14:01
C:/R_projects/spat_1f_noise/processed_feed\rep158\processed_rep158__cam30_s37486_rank105.jpg,"[1000, 1000]",NA,NA,NA,NA,NA,modelv7.1__2024-05-03 21:14:01
C:/R_projects/spat_1f_noise/processed_feed\rep158\processed_rep158__cam30_s37847_rank106.jpg,"[1000, 1000]",NA,NA,NA,NA,NA,modelv7.1__2024-05-03 21:14:01
C:/R_projects/spat_1f_noise/processed_feed\rep158\processed_rep158__cam30_s38207_rank107.jpg,"[1000, 1000]",NA,NA,NA,NA,NA,modelv7.1__2024-05-03 21:14:01
C:/R_projects/spat_1f_noise/processed_feed\rep158\processed_rep158__cam30_s38567_rank108.jpg,"[1000, 1000]",NA,NA,NA,NA,NA,modelv7.1__2024-05-03 21:14:01
C:/R_projects/spat_1f_noise/processed_feed\rep158\processed_rep158__cam30_s38928_rank109.jpg,"[1000, 1000]",NA,NA,NA,NA,NA,modelv7.1__2024-05-03 21:14:01
C:/R_projects/spat_1f_noise/processed_feed\rep158\processed_rep158__cam30_s39288_rank110.jpg,"[1000, 1000]",NA,NA,NA,NA,NA,modelv7.1__2024-05-03 21:14:01
C:/R_projects/spat_1f_noise/processed_feed\rep158\processed_rep158__cam30_s39649_rank111.jpg,"[1000, 1000]",NA,NA,NA,NA,NA,modelv7.1__2024-05-03 21:14:01
C:/R_projects/spat_1f_noise/processed_feed\rep158\processed_rep158__cam30_s3965_rank12.jpg,"[1000, 1000]",NA,NA,NA,NA,NA,modelv7.1__2024-05-03 21:14:01
C:/R_projects/spat_1f_noise/processed_feed\rep158\processed_rep158__cam30_s40009_rank112.jpg,"[1000, 1000]",NA,NA,NA,NA,NA,modelv7.1__2024-05-03 21:14:01
C:/R_projects/spat_1f_noise/processed_feed\rep158\processed_rep158__cam30_s40370_rank113.jpg,"[1000, 1000]",NA,NA,NA,NA,NA,modelv7.1__2024-05-03 21:14:01
C:/R_projects/spat_1f_noise/processed_feed\rep158\processed_rep158__cam30_s40730_rank114.jpg,"[1000, 1000]",NA,NA,NA,NA,NA,modelv7.1__2024-05-03 21:14:01
C:/R_projects/spat_1f_noise/processed_feed\rep158\processed_rep158__cam30_s41091_rank115.jpg,"[1000, 1000]",NA,NA,NA,NA,NA,modelv7.1__2024-05-03 21:14:01
C:/R_projects/spat_1f_noise/processed_feed\rep158\processed_rep158__cam30_s41451_rank116.jpg,"[1000, 1000]",NA,NA,NA,NA,NA,modelv7.1__2024-05-03 21:14:01
C:/R_projects/spat_1f_noise/processed_feed\rep158\processed_rep158__cam30_s41811_rank117.jpg,"[1000, 1000]",NA,NA,NA,NA,NA,modelv7.1__2024-05-03 21:14:01
C:/R_projects/spat_1f_noise/processed_feed\rep158\processed_rep158__cam30_s42172_rank118.jpg,"[1000, 1000]",NA,NA,NA,NA,NA,modelv7.1__2024-05-03 21:14:01
C:/R_projects/spat_1f_noise/processed_feed\rep158\processed_rep158__cam30_s42532_rank119.jpg,"[1000, 1000]",NA,NA,NA,NA,NA,modelv7.1__2024-05-03 21:14:01
C:/R_projects/spat_1f_noise/processed_feed\rep158\processed_rep158__cam30_s42893_rank120.jpg,"[1000, 1000]",NA,NA,NA,NA,NA,modelv7.1__2024-05-03 21:14:01
C:/R_projects/spat_1f_noise/processed_feed\rep158\processed_rep158__cam30_s43253_rank121.jpg,"[1000, 1000]",NA,NA,NA,NA,NA,modelv7.1__2024-05-03 21:14:01
C:/R_projects/spat_1f_noise/processed_feed\rep158\processed_rep158__cam30_s4326_rank13.jpg,"[1000, 1000]",NA,NA,NA,NA,NA,modelv7.1__2024-05-03 21:14:01
C:/R_projects/spat_1f_noise/processed_feed\rep158\processed_rep158__cam30_s43614_rank122.jpg,"[1000, 1000]",NA,NA,NA,NA,NA,modelv7.1__2024-05-03 21:14:01
C:/R_projects/spat_1f_noise/processed_feed\rep158\processed_rep158__cam30_s43974_rank123.jpg,"[1000, 1000]",NA,NA,NA,NA,NA,modelv7.1__2024-05-03 21:14:01
C:/R_projects/spat_1f_noise/processed_feed\rep158\processed_rep158__cam30_s44334_rank124.jpg,"[1000, 1000]",NA,NA,NA,NA,NA,modelv7.1__2024-05-03 21:14:01
C:/R_projects/spat_1f_noise/processed_feed\rep158\processed_rep158__cam30_s44695_rank125.jpg,"[1000, 1000]",NA,NA,NA,NA,NA,modelv7.1__2024-05-03 21:14:01
C:/R_projects/spat_1f_noise/processed_feed\rep158\processed_rep158__cam30_s45055_rank126.jpg,"[1000, 1000]",NA,NA,NA,NA,NA,modelv7.1__2024-05-03 21:14:01
C:/R_projects/spat_1f_noise/processed_feed\rep158\processed_rep158__cam30_s45416_rank127.jpg,"[1000, 1000]",NA,NA,NA,NA,NA,modelv7.1__2024-05-03 21:14:01
C:/R_projects/spat_1f_noise/processed_feed\rep158\processed_rep158__cam30_s45776_rank128.jpg,"[1000, 1000]",NA,NA,NA,NA,NA,modelv7.1__2024-05-03 21:14:01
C:/R_projects/spat_1f_noise/processed_feed\rep158\processed_rep158__cam30_s46137_rank129.jpg,"[1000, 1000]",NA,NA,NA,NA,NA,modelv7.1__2024-05-03 21:14:01
C:/R_projects/spat_1f_noise/processed_feed\rep158\processed_rep158__cam30_s46497_rank130.jpg,"[1000, 1000]",NA,NA,NA,NA,NA,modelv7.1__2024-05-03 21:14:01
C:/R_projects/spat_1f_noise/processed_feed\rep158\processed_rep158__cam30_s46857_rank131.jpg,"[1000, 1000]",NA,NA,NA,NA,NA,modelv7.1__2024-05-03 21:14:01
C:/R_projects/spat_1f_noise/processed_feed\rep158\processed_rep158__cam30_s4686_rank14.jpg,"[1000, 1000]",NA,NA,NA,NA,NA,modelv7.1__2024-05-03 21:14:01
C:/R_projects/spat_1f_noise/processed_feed\rep158\processed_rep158__cam30_s47218_rank132.jpg,"[1000, 1000]",NA,NA,NA,NA,NA,modelv7.1__2024-05-03 21:14:01
C:/R_projects/spat_1f_noise/processed_feed\rep158\processed_rep158__cam30_s47578_rank133.jpg,"[1000, 1000]",NA,NA,NA,NA,NA,modelv7.1__2024-05-03 21:14:01
C:/R_projects/spat_1f_noise/processed_feed\rep158\processed_rep158__cam30_s47939_rank134.jpg,"[1000, 1000]",NA,NA,NA,NA,NA,modelv7.1__2024-05-03 21:14:01
C:/R_projects/spat_1f_noise/processed_feed\rep158\processed_rep158__cam30_s48299_rank135.jpg,"[1000, 1000]",NA,NA,NA,NA,NA,modelv7.1__2024-05-03 21:14:01
C:/R_projects/spat_1f_noise/processed_feed\rep158\processed_rep158__cam30_s48660_rank136.jpg,"[1000, 1000]",NA,NA,NA,NA,NA,modelv7.1__2024-05-03 21:14:01
C:/R_projects/spat_1f_noise/processed_feed\rep158\processed_rep158__cam30_s49020_rank137.jpg,"[1000, 1000]",NA,NA,NA,NA,NA,modelv7.1__2024-05-03 21:14:01
C:/R_projects/spat_1f_noise/processed_feed\rep158\processed_rep158__cam30_s49380_rank138.jpg,"[1000, 1000]",NA,NA,NA,NA,NA,modelv7.1__2024-05-03 21:14:01
C:/R_projects/spat_1f_noise/processed_feed\rep158\processed_rep158__cam30_s49741_rank139.jpg,"[1000, 1000]",NA,NA,NA,NA,NA,modelv7.1__2024-05-03 21:14:01
C:/R_projects/spat_1f_noise/processed_feed\rep158\processed_rep158__cam30_s50101_rank140.jpg,"[1000, 1000]",NA,NA,NA,NA,NA,modelv7.1__2024-05-03 21:14:01
C:/R_projects/spat_1f_noise/processed_feed\rep158\processed_rep158__cam30_s50462_rank141.jpg,"[1000, 1000]",cat,0.3382522165775299,"[363.59161376953125, 972.828369140625, 0.20249277353286743, 363.59161376953125, 972.828369140625, 0.02984616532921791, 367.2273254394531, 961.7780151367188, 0.008515074849128723]","[342.38330078125, 952.5694580078125, 375.1047058105469, 990.6317138671875]","[367, 953, 366, 954, 365, 954, 364, 955, 363, 956, 363, 957, 362, 958, 361, 959, 360, 960, 360, 961, 359, 962, 358, 963, 358, 964, 357, 965, 357, 966, 356, 967, 356, 968, 356, 969, 355, 970, 355, 971, 354, 972, 354, 973, 353, 974, 352, 975, 352, 976, 351, 977, 350, 978, 349, 979, 348, 980, 347, 981, 346, 982, 346, 983, 345, 984, 345, 985, 346, 986, 346, 987, 347, 987, 348, 987, 349, 988, 350, 988, 351, 987, 352, 987, 353, 987, 354, 987, 355, 986, 356, 986, 357, 985, 358, 984, 359, 983, 359, 982, 360, 981, 361, 980, 362, 979, 363, 979, 364, 979, 364, 978, 365, 977, 365, 976, 365, 975, 365, 974, 365, 973, 366, 972, 367, 971, 367, 970, 368, 969, 369, 969, 369, 968, 370, 967, 371, 966, 372, 965, 372, 964, 373, 963, 373, 962, 373, 961, 374, 960, 374, 959, 374, 958, 374, 957, 374, 956, 374, 955, 374, 954, 373, 953, 372, 953, 371, 953, 370, 953, 369, 953, 368, 953]",modelv7.1__2024-05-03 21:14:01
C:/R_projects/spat_1f_noise/processed_feed\rep158\processed_rep158__cam30_s5047_rank15.jpg,"[1000, 1000]",NA,NA,NA,NA,NA,modelv7.1__2024-05-03 21:14:01
C:/R_projects/spat_1f_noise/processed_feed\rep158\processed_rep158__cam30_s50822_rank142.jpg,"[1000, 1000]",NA,NA,NA,NA,NA,modelv7.1__2024-05-03 21:14:01
C:/R_projects/spat_1f_noise/processed_feed\rep158\processed_rep158__cam30_s51183_rank143.jpg,"[1000, 1000]",NA,NA,NA,NA,NA,modelv7.1__2024-05-03 21:14:01
C:/R_projects/spat_1f_noise/processed_feed\rep158\processed_rep158__cam30_s51543_rank144.jpg,"[1000, 1000]",NA,NA,NA,NA,NA,modelv7.1__2024-05-03 21:14:01
C:/R_projects/spat_1f_noise/processed_feed\rep158\processed_rep158__cam30_s51903_rank145.jpg,"[1000, 1000]",NA,NA,NA,NA,NA,modelv7.1__2024-05-03 21:14:01
C:/R_projects/spat_1f_noise/processed_feed\rep158\processed_rep158__cam30_s52264_rank146.jpg,"[1000, 1000]",NA,NA,NA,NA,NA,modelv7.1__2024-05-03 21:14:01
C:/R_projects/spat_1f_noise/processed_feed\rep158\processed_rep158__cam30_s52624_rank147.jpg,"[1000, 1000]",NA,NA,NA,NA,NA,modelv7.1__2024-05-03 21:14:01
C:/R_projects/spat_1f_noise/processed_feed\rep158\processed_rep158__cam30_s52985_rank148.jpg,"[1000, 1000]",NA,NA,NA,NA,NA,modelv7.1__2024-05-03 21:14:01
C:/R_projects/spat_1f_noise/processed_feed\rep158\processed_rep158__cam30_s53345_rank149.jpg,"[1000, 1000]",NA,NA,NA,NA,NA,modelv7.1__2024-05-03 21:14:01
C:/R_projects/spat_1f_noise/processed_feed\rep158\processed_rep158__cam30_s53706_rank150.jpg,"[1000, 1000]",NA,NA,NA,NA,NA,modelv7.1__2024-05-03 21:14:01
C:/R_projects/spat_1f_noise/processed_feed\rep158\processed_rep158__cam30_s54066_rank151.jpg,"[1000, 1000]",NA,NA,NA,NA,NA,modelv7.1__2024-05-03 21:14:01
C:/R_projects/spat_1f_noise/processed_feed\rep158\processed_rep158__cam30_s5407_rank16.jpg,"[1000, 1000]",NA,NA,NA,NA,NA,modelv7.1__2024-05-03 21:14:01
C:/R_projects/spat_1f_noise/processed_feed\rep158\processed_rep158__cam30_s54427_rank152.jpg,"[1000, 1000]",NA,NA,NA,NA,NA,modelv7.1__2024-05-03 21:14:01
C:/R_projects/spat_1f_noise/processed_feed\rep158\processed_rep158__cam30_s54787_rank153.jpg,"[1000, 1000]",NA,NA,NA,NA,NA,modelv7.1__2024-05-03 21:14:01
C:/R_projects/spat_1f_noise/processed_feed\rep158\processed_rep158__cam30_s55148_rank154.jpg,"[1000, 1000]",NA,NA,NA,NA,NA,modelv7.1__2024-05-03 21:14:01
C:/R_projects/spat_1f_noise/processed_feed\rep158\processed_rep158__cam30_s5768_rank17.jpg,"[1000, 1000]",NA,NA,NA,NA,NA,modelv7.1__2024-05-03 21:14:01
C:/R_projects/spat_1f_noise/processed_feed\rep158\processed_rep158__cam30_s6128_rank18.jpg,"[1000, 1000]",NA,NA,NA,NA,NA,modelv7.1__2024-05-03 21:14:01
C:/R_projects/spat_1f_noise/processed_feed\rep158\processed_rep158__cam30_s6488_rank19.jpg,"[1000, 1000]",NA,NA,NA,NA,NA,modelv7.1__2024-05-03 21:14:01
C:/R_projects/spat_1f_noise/processed_feed\rep158\processed_rep158__cam30_s6849_rank20.jpg,"[1000, 1000]",NA,NA,NA,NA,NA,modelv7.1__2024-05-03 21:14:01
C:/R_projects/spat_1f_noise/processed_feed\rep158\processed_rep158__cam30_s7209_rank21.jpg,"[1000, 1000]",NA,NA,NA,NA,NA,modelv7.1__2024-05-03 21:14:01
C:/R_projects/spat_1f_noise/processed_feed\rep158\processed_rep158__cam30_s721_rank3.jpg,"[1000, 1000]",NA,NA,NA,NA,NA,modelv7.1__2024-05-03 21:14:01
C:/R_projects/spat_1f_noise/processed_feed\rep158\processed_rep158__cam30_s7570_rank22.jpg,"[1000, 1000]",NA,NA,NA,NA,NA,modelv7.1__2024-05-03 21:14:01
C:/R_projects/spat_1f_noise/processed_feed\rep158\processed_rep158__cam30_s7930_rank23.jpg,"[1000, 1000]",NA,NA,NA,NA,NA,modelv7.1__2024-05-03 21:14:01
C:/R_projects/spat_1f_noise/processed_feed\rep158\processed_rep158__cam30_s8291_rank24.jpg,"[1000, 1000]",NA,NA,NA,NA,NA,modelv7.1__2024-05-03 21:14:01
C:/R_projects/spat_1f_noise/processed_feed\rep158\processed_rep158__cam30_s8651_rank25.jpg,"[1000, 1000]",NA,NA,NA,NA,NA,modelv7.1__2024-05-03 21:14:01
C:/R_projects/spat_1f_noise/processed_feed\rep158\processed_rep158__cam30_s9012_rank26.jpg,"[1000, 1000]",NA,NA,NA,NA,NA,modelv7.1__2024-05-03 21:14:01
C:/R_projects/spat_1f_noise/processed_feed\rep158\processed_rep158__cam30_s9372_rank27.jpg,"[1000, 1000]",NA,NA,NA,NA,NA,modelv7.1__2024-05-03 21:14:01
C:/R_projects/spat_1f_noise/processed_feed\rep158\processed_rep158__cam30_s9732_rank28.jpg,"[1000, 1000]",NA,NA,NA,NA,NA,modelv7.1__2024-05-03 21:14:01
